Method;Job;AnalyzeLaunchVariance;EvaluateOverhead;MaxAbsoluteError;MaxRelativeError;MinInvokeCount;MinIterationTime;RemoveOutliers;Affinity;Jit;Platform;Runtime;AllowVeryLargeObjects;Concurrent;CpuGroups;Force;HeapAffinitizeMask;HeapCount;NoAffinitize;RetainVm;Server;Arguments;BuildConfiguration;Clock;EngineFactory;EnvironmentVariables;Toolchain;IsBaseline;InvocationCount;IterationTime;LaunchCount;RunStrategy;TargetCount;UnrollFactor;WarmupCount;Mean;Error;StdDev;Scaled;ScaledSD;Gen 0;Allocated
Default;Clr;False;Default;Default;Default;Default;Default;Default;255;RyuJit;X64;Clr;False;True;False;True;Default;Default;False;False;False;Default;Default;Default;Default;Default;Default;Default;1;Default;Default;Default;Default;16;Default;32.91 ns;0.6418 ns;0.6004 ns;1.00;0.00;0.0178;56 B
StringCreate;Clr;False;Default;Default;Default;Default;Default;Default;255;RyuJit;X64;Clr;False;True;False;True;Default;Default;False;False;False;Default;Default;Default;Default;Default;Default;Default;1;Default;Default;Default;Default;16;Default;31.06 ns;0.4951 ns;0.4631 ns;0.94;0.02;0.0178;56 B
StringCreateSpanUnsafe;Clr;False;Default;Default;Default;Default;Default;Default;255;RyuJit;X64;Clr;False;True;False;True;Default;Default;False;False;False;Default;Default;Default;Default;Default;Default;Default;1;Default;Default;Default;Default;16;Default;28.88 ns;0.3857 ns;0.3608 ns;0.88;0.02;0.0178;56 B
NoLookup;Clr;False;Default;Default;Default;Default;Default;Default;255;RyuJit;X64;Clr;False;True;False;True;Default;Default;False;False;False;Default;Default;Default;Default;Default;Default;Default;1;Default;Default;Default;Default;16;Default;32.77 ns;0.4607 ns;0.4309 ns;1.00;0.02;0.0178;56 B
NoLookupBranchless;Clr;False;Default;Default;Default;Default;Default;Default;255;RyuJit;X64;Clr;False;True;False;True;Default;Default;False;False;False;Default;Default;Default;Default;Default;Default;Default;1;Default;Default;Default;Default;16;Default;35.48 ns;0.1829 ns;0.1428 ns;1.08;0.02;0.0178;56 B
Default;Core;False;Default;Default;Default;Default;Default;Default;255;RyuJit;X64;Core;False;True;False;True;Default;Default;False;False;False;Default;Default;Default;Default;Default;Default;Default;1;Default;Default;Default;Default;16;Default;38.00 ns;0.2891 ns;0.2705 ns;1.00;0.00;0.0178;56 B
StringCreate;Core;False;Default;Default;Default;Default;Default;Default;255;RyuJit;X64;Core;False;True;False;True;Default;Default;False;False;False;Default;Default;Default;Default;Default;Default;Default;1;Default;Default;Default;Default;16;Default;29.55 ns;0.3055 ns;0.2858 ns;0.78;0.01;0.0178;56 B
StringCreateSpanUnsafe;Core;False;Default;Default;Default;Default;Default;Default;255;RyuJit;X64;Core;False;True;False;True;Default;Default;False;False;False;Default;Default;Default;Default;Default;Default;Default;1;Default;Default;Default;Default;16;Default;24.50 ns;0.2452 ns;0.2294 ns;0.64;0.01;0.0178;56 B
NoLookup;Core;False;Default;Default;Default;Default;Default;Default;255;RyuJit;X64;Core;False;True;False;True;Default;Default;False;False;False;Default;Default;Default;Default;Default;Default;Default;1;Default;Default;Default;Default;16;Default;27.75 ns;0.4264 ns;0.3780 ns;0.73;0.01;0.0178;56 B
NoLookupBranchless;Core;False;Default;Default;Default;Default;Default;Default;255;RyuJit;X64;Core;False;True;False;True;Default;Default;False;False;False;Default;Default;Default;Default;Default;Default;Default;1;Default;Default;Default;Default;16;Default;28.91 ns;0.4621 ns;0.4322 ns;0.76;0.01;0.0178;56 B
